0ccccc39fc66919ea9ca2991c58475ac	assets/.unison.main.css.1fdbaeff4c463eb5a44feaa2eacd9ff3.unison.tmp
6d01a142653cbbd97e071be4b69be3cd	assets/404-sasa.png
25a20073e137d5cbcec8fe9cec23e3de	assets/accordion-custom.js
b4f18a97191d5f7e582fd75938cc7c63	assets/anchored-popover.js
36e29e5d660e823c068596f03a9c23c7	assets/announcement-bar.js
d4672924c653a03dc3bd7a5c53d3aa83	assets/arrow-bottom.svg
228b7ae342178c360c2b780ccfbdc640	assets/arrow-left.svg
0d10464661372417a28929936fd658d5	assets/arrow-right.svg
b43336b12161ce9b1742f7907323e160	assets/auto-close-details.js
d59fdae8cfdbcddaa84c176d5d849285	assets/base.css
c191adf1660d96032b633565ede23f4a	assets/bg-10.svg
0d097fe9f4c40b287028a1fb86ac6c9f	assets/bg-11.svg
21497e6f7792744270d54578f5b80c02	assets/bg-12.png
b5dafec7836bf48f93eca0e63a47e30a	assets/bg-12.svg
7238869b765b2d209f5c3453b2d8c922	assets/bg-7.svg
26023b31e6d085796b12471c18d6c9ea	assets/bg-9.svg
564ae49090a7cb44a94999c68ca28ff0	assets/blog-posts-list.js
3afe15e976734d9daac26310110c4594	assets/bootstrap.min.css
34f31aea9f3f9c9d4fe2562bcbd1ec65	assets/bootstrap.purged.css
69f7cdf7b47316eda1037478f225b850	assets/cart-discount.js
669e32fed8023eae7d83f92e0c7508d8	assets/cart-drawer.js
d8f0a450e069261687550e8b1510c58f	assets/cart-icon.js
e33ad967b1a12a5236a6192d0da0bd71	assets/cart-note.js
ea2c393f63ddf5afd310568a57360fe2	assets/circle-3.svg
0b7bedf9f886e9f9b43de183d76da7d0	assets/collection-links.js
cbad3e1ec1ead981058cd0972dd67d56	assets/comparison-slider.js
c1c0f4d46acf7306d6c92e6ce3b5403d	assets/component-cart-items.js
8511d392e186ece3acb77c0424188056	assets/component-cart-quantity-selector.js
d42713b24ff2b13bc7c80b138a0bae6b	assets/component-quantity-selector.js
b938b3f8d9d32191abb18b5019cfd26b	assets/component.js
49f0850481d5bc7a1bc798d49825ece9	assets/copy-to-clipboard.js
0e2ad664a0a78d3a75670a0b055e7eef	assets/crying-beans.gif
1789d1045aab7be2a92d90ed489fafd4	assets/custom-filters.css
7235b7c0ca0b2e17c2c2ecd6e7d87491	assets/custom.css
4471b3f54daefcdb11abe838cbaf755e	assets/dialog.js
49368603b54e0187dd9797c617a0e29a	assets/drag-zoom-wrapper.js
510b77d3bc0d1f268d3d93375274733d	assets/drag.png
a33d609a9722166bd61f5d7691c67c2e	assets/events.js
15861bc4012a6cffd283a12424a0db18	assets/facets.js
87c74c2ebc952af8ea1f7faa1464452b	assets/floating-panel.js
2076c109f7ec2064d058c720623a3d7d	assets/flower-2.svg
b57397fdcdbfc46ce9943a03c46f12d1	assets/flower.svg
3bf08b479ba8020740c5e67bd1979d2f	assets/fly-to-cart.js
93cef08f7646c03390b98ca3fc207854	assets/focus.js
9ca0115e1c4f1604ff1719352cd5d035	assets/footer-bg-mobile-2.svg
78915746a03e68b3ce1c84defe141435	assets/footer-bg.svg
c3185435f043a5ed10144b85df06b0e1	assets/gift-card-recipient-form.js
c714d939d1f5d6f34a7feb2237b65921	assets/global.d.ts
c4fbd8f3526bd5b4d6ac13e2f85ccea7	assets/GTWalsheim-Light.eot
e29d68bb6f5475a7851d5b857e54da93	assets/GTWalsheim-Light.svg
b8c027994c838955f91f8d119f04fe00	assets/GTWalsheim-Light.ttf
3eb7c3d237b69d3b33a6276fb220154b	assets/GTWalsheim-Light.woff
146f0d30486804837b2e672d6d3e8f65	assets/GTWalsheim-Light.woff2
93138d1860adf198e8ec725f9abe6b0b	assets/GTWalsheim-Regular.eot
c0b87065b5942a0d1789a1c39b540023	assets/GTWalsheim-Regular.svg
25df27c56668f644619a7aea7321d733	assets/GTWalsheim-Regular.ttf
971520743e0e6fa93dca500aefdf831c	assets/GTWalsheim-Regular.woff
bbbb13b95b50a8fd91af92ff5d5b58ee	assets/GTWalsheim-Regular.woff2
b84f18468b1125f531c1e78a5a4ce9f9	assets/header-actions.js
867d4e68d35fa5aed6e0f8ad22dd65c8	assets/header-drawer.js
64ebad19791a12f486cdffed0e8b061f	assets/header-menu.js
a1919a3566f0ff5757677a2e4b4d0647	assets/header.js
4aafbbd23f786c068a038e086a6c43c1	assets/icomoon.eot
b0b1419a25622befe210177e38104906	assets/icomoon.svg
43fdc20bacb013b3cd12790348b00473	assets/icomoon.ttf
2578933e6d1ead41f9c3eee136efda44	assets/icomoon.woff
1e855a77e052c31df6a5d22194edf694	assets/icon-account.svg
0e09f334225e6a8aa3a5e96cea7b993c	assets/icon-add-to-cart.svg
831f4e75081de201a6758bd34d45fd74	assets/icon-arrow.svg
c7158f81354c551e37c5f4f9f17df493	assets/icon-available.svg
5bded8e71340ce25b38d10187a977ff7	assets/icon-caret.svg
e1f5aa72b798185e87f3be07a94a3770	assets/icon-cart.svg
9eb9d263753155260498c08644a9d433	assets/icon-checkmark-burst.svg
1646af15d45cd9e5859b01d80165b143	assets/icon-checkmark.svg
c472e27024b5c4d8f8bce49a7aac8209	assets/icon-chevron-left.svg
f1b9ea6a660c438e62a4cef28d005e5f	assets/icon-chevron-right.svg
36f85933c31c2ab7b60a26c595d7270c	assets/icon-close.svg
dde7b45b21c4c2d2819c4ff3c1cbac7d	assets/icon-delete.svg
ea990ccb99e936cdde646f6562de08eb	assets/icon-discount.svg
1917a728286096d88afbb26b279c712a	assets/icon-double-chevron.svg
c369491713254f68872e43e7889de942	assets/icon-error.svg
19e2558780266d6637429939c302a4ae	assets/icon-external.svg
bea699b5cbc47b72d1537ace7cfae340	assets/icon-filter.svg
080e74e8f59a8e5bd14d39863fb75492	assets/icon-filters-close.svg
0eb7421c035185e6fbf333e245091a57	assets/icon-grid-default.svg
203697fbe7b0c0b48ab82db1bf20bb84	assets/icon-grid-dense.svg
4c82e1dca7c2992fabe83f2b04e7e17a	assets/icon-info.svg
7ed9c605d7cfe070e8782c71bdc96ae2	assets/icon-inventory.svg
d331a711063220dbe768034c39a0f6a3	assets/icon-menu.svg
a3f8d7735085ca1a83f087e76121717b	assets/icon-minus.svg
9cc1c4909945839b8bed088bc67d8e41	assets/icon-one-col-mobile.svg
5f86dad381b83b9f8afbbcccdb065774	assets/icon-orders.svg
fd8cf8622cf673bd1303a8bd1976c589	assets/icon-pause.svg
2d5bc5f773c5dddad854c04f8156c98a	assets/icon-play.svg
b3bae609a9c0ff912f741df742b15ee5	assets/icon-plus.svg
6cd93f497a974fb225c2456a285a0c55	assets/icon-reset.svg
8ab51bfda98c32759048d3160a266ec7	assets/icon-search.svg
5a15cd438f2fd1b20b28cd68f830fc65	assets/icon-shopify.svg
975798839eab01d319e356a4b63e0539	assets/icon-twitter-1.svg
3a15c89797098d368813df14fa87ed8a	assets/icon-twitter-hover.svg
03eba9e012e44e212c7703d07bbda6a3	assets/icon-unavailable.svg
e2c1a80b99251b7b94726b41312fb160	assets/imagesloaded.pkgd.min.js
b29c22eae459aa715cdd8fa340bb6e29	assets/jquery-2.0.3.js
2c872dbe60f4ba70fb85356113d8b35e	assets/jquery-3.7.1.min.js
d5528dde0006c78be04817327c2f9b6f	assets/jquery.cookie.js
3182b2beddb1f798f66d27425b9f99d9	assets/jquery.matchHeight-min.js
e6bb05a958bd6ffd03c346c208c32967	assets/jsconfig.json
d25a628a35cdd5cf47eec2ce2c717c1f	assets/jumbo-text.js
62e4d25577a54bd72e55376806883799	assets/Karla-Bold.svg
e0272785b0a53a7cb452c1190bb2c3b0	assets/Karla-Bold.ttf
7693177522a96cbc42a0f0fb9493f192	assets/Karla-Bold.woff
8af3b185b26d7b8fbb38d36c7df12b52	assets/Karla-Bold.woff2
d82db753633d4a3e0f797fd98dccea6f	assets/Karla-Light.eot
be04cc703223285386fb75eadaa50054	assets/Karla-Light.ttf
fe747bcd7993319f24fce34f7c4c11e3	assets/Karla-Light.woff
3ee39e40ef3a955c8677509111f71fbe	assets/Karla-Light.woff2
8827aab5a89e1d554231fbc5c006b14a	assets/Karla-Medium.eot
f5cac785db56a1baff06fda01aaaf4d3	assets/Karla-Medium.ttf
e8a030a7d29ac471194767191bfe2c58	assets/Karla-Medium.woff
8aa5f44d2ff1a008973a51b09d12e41b	assets/Karla-Medium.woff2
3744d2a807486007e4e578177e13b83b	assets/Karla-Regular.eot
63f0346ef26fff6577194e32ceece036	assets/Karla-Regular.svg
a1a570fbb2d85f123cc5d126e1a90a27	assets/Karla-Regular.ttf
f12bf2b11383fd2115242d701c9f3640	assets/Karla-Regular.woff
054441c3aed6875ebdd3dcecf241980e	assets/Karla-Regular.woff2
c4395727d82d581a8b6622db25fdd032	assets/Karla-SemiBold.eot
14de6f95ad6c4980707807a9aa48a72a	assets/Karla-SemiBold.ttf
154056aadbd5682e46aaa6de138f9dea	assets/Karla-SemiBold.woff
29a9e7e96e141c174aac13ec33cf6c59	assets/Karla-SemiBold.woff2
cb5bea68613383deba9ed03dbb8d9e27	assets/layered-slideshow.js
9c3b307359c76a1bd96e9f19e3b9b526	assets/lazysizes.js
f515302dc8320aced57d395c8a65bff5	assets/local-pickup.js
5ea7b8d3b7ae06a719026d52d2cf0c61	assets/localization.js
bbdf59f1c8647a1ba577615dd6e925e5	assets/logo-white.svg
7751d3232e90e76a8c9a7c267e7daa33	assets/main.css
3e3e2dcb566969451c524277e0320c28	assets/main.min.css
7f67a208f5a5fdbf4a91c6a2038e3dbc	assets/map-active.svg
f877892dbd228aefa281f07ff8ab6d59	assets/marquee.js
4496b06e4b20a09c0acfb16d91e26384	assets/media-gallery.js
a290a3c21f2e7a22ff3628653e120ea8	assets/media.js
7da6bd1bc9fe5979131b29ec9260d55d	assets/money-formatting.js
58d477e341c1035af76f01d954cda8d1	assets/morph.js
1a9c4466b56190b38506b061d16b312b	assets/MorphSVGPlugin.min.js
88057cac09134888a492cb11aa7019a7	assets/ona-brand.css
e03f4316d975279794f779f7c059dc00	assets/ona-fixes.css
758efc312d0158e3642e384dc2069085	assets/ona-product-card.css
8f894508da3b68c22b2ca09a32a07952	assets/ona-product-card.js
943d83ec42a5a0ffdc74d5a7c7b66fda	assets/ona-store-finder.js
5e52199afb9a81e5ea17a610e3d627a2	assets/out-of-stock.png
1cf842b1ac615414465b03cef1b4ab61	assets/overflow-list.css
54f56aefcf501e7e103ad2414a0458bc	assets/overflow-list.js
da60f1118ea83c20921660241f1e2a67	assets/paginated-list-aspect-ratio.js
49eed5d6251e1a8122b1fc2452271da4	assets/paginated-list.js
6840bae604a9aff91596c5705ef8af95	assets/PalmerLakePrint-Regular.eot
a2b0e7cf077c58ea64f2c8df4495d3cd	assets/PalmerLakePrint-Regular.svg
8d6845a34290c4b4d06e4ade9b9765b3	assets/PalmerLakePrint-Regular.ttf
0ecb87b1826e29f2f120fe60ecbed2d7	assets/PalmerLakePrint-Regular.woff
0695cad9f1682bd59fa6c85c5df38ec5	assets/PalmerLakePrint-Regular.woff2
713cb2de96983008f8a722cef196a656	assets/performance.js
92a3c5e5898f5e8177f1e0661a8265ad	assets/play-video-hover.png
9393420d11ef10144ed2a03c51afa4fc	assets/play-video.png
260275a9bc513a0b076d6644adff5e51	assets/popover-polyfill.js
947ef01273a3d7f5e67092fa969593c8	assets/port-index.json
a4e9ef8faf30233e2c4a90708215532d	assets/predictive-search.js
bd5c7d94477fa36c272e935ec0252d03	assets/price-per-item.js
a52fdef63bad2ef5edc1f183c56055c9	assets/product-card-price-sync.js
20be626eab907e739d57f6162b0f548a	assets/product-card.js
03ac05d7b3f0483956dabaf9569c3f9f	assets/product-custom-property.js
7264c959fb58b4335712a9ae1d0f7c2c	assets/product-form.js
1acc2b9a233eabbdb312b5f1b06843db	assets/product-hotspot.js
cd13225c0130726ad4dd4c2fe26af5bf	assets/product-inventory.js
ebd92b78c8b8dc838dcd9deea0e3d3d0	assets/product-price.js
76700c518b031c12eed747379efdcfdd	assets/product-recommendations.js
f9e11a3fcca39b252b31e5f0c8cacca8	assets/product-sku.js
7ee7d84427bcc05649d7cbccc4baac3e	assets/product-title-truncation.js
7f2a1555f006ebdc3a240d5a8d3eb6a3	assets/qr-code-generator.js
c85630daefa5fdd4f76cb0fabb2834b8	assets/qr-code-image.js
90e6c96cf84d55a3b673214a7a17a687	assets/quick-add.js
1aa694e66a18a74f461b250254a69ad2	assets/quick-order-list.js
c9b3d78dee56c21afcf4e71a38d6fce4	assets/recently-viewed-products.js
e8ec8ab0b3dbf711699a47f871a7af6c	assets/results-list.js
311f4bdf60b5f14da1576286f901b9e8	assets/rte-formatter.js
e079200b390e530e2f7b8f41c5acb4c6	assets/sale.png
050a56d833fd3f2aff9bcea3efa81b09	assets/script.js
4f952abdf14a6e84d66ed8dbf87ea5e5	assets/script.min.js
1b08ebf66067c23fae7237973061bfee	assets/scrolling.js
c3230e0c9e844cdb49c2478b41d870c3	assets/search-page-input.js
84579a04e279c719e83ee93e3843ffb3	assets/section-hydration.js
95a6c503fecacff4430b891f4552d348	assets/section-renderer.js
ac328a63d05ceda4db370ac76b23a7e4	assets/shop-now.png
24aa393a67d6d6f950b12dd92a857556	assets/show-more.js
ad800f918c21b1ea82babf23271bc3d9	assets/SilkSerif-Black.eot
90c518a5e180a6c0e9b9cbc32b1b5a7d	assets/SilkSerif-Black.svg
b1b2b15764c05635ebaf38139c9b205c	assets/SilkSerif-Black.ttf
c39f597fc340abfe383ffe97c5e2b2e5	assets/SilkSerif-Black.woff
3a0f3bb0af6aaa4f285d73e6c580e7ce	assets/SilkSerif-Black.woff2
587e761b1d9b9fa37b37a6f1af860846	assets/SilkSerif-Regular.eot
6d25296931289d13b2d2270fae850899	assets/SilkSerif-Regular.svg
8395632609faa44a3fac92c17fe2a588	assets/SilkSerif-Regular.ttf
27845aed96a7cda8b49eac7ca083bb66	assets/SilkSerif-Regular.woff
a6e4af0679b61644182748d0fb72843f	assets/SilkSerif-Regular.woff2
cc08a4af0fa3e2a78e89208e702aaae4	assets/SkylightBold.eot
a135d7f6a39df87b6034ac312b8a4258	assets/SkylightBold.ttf
20b74742a190d082d70ec8b8440af045	assets/SkylightBold.woff
347b9dc3e247d478cb6664bc09f48a20	assets/SkylightBold.woff2
36f1c85a4ce48c21771beda213ad9b9c	assets/SkylightRegular.eot
ba25044702e497c1daf16fa1a19c49a7	assets/SkylightRegular.ttf
b2536bec34edd6a078985c9d090398aa	assets/SkylightRegular.woff
f882491748975efe9aa53ec020114b6d	assets/SkylightRegular.woff2
f38b2db10e01b1572732a3191d538707	assets/slick.css
dd3447bd035b93a1cb9be9c100c53e53	assets/slick.js
0793c9b98db1513fa4c6da2555fb4158	assets/slick.min.js
7a5cfb5f1a6b547ef261ba09918eacee	assets/slider-arrow-left.png
46cb7b2912ceb7b83c3f466878154223	assets/slider-arrow-right.png
baff2df6840ceddd807d3aecba023bf1	assets/slideshow.js
e01f009d20ac0a58da9288ddef9481ea	assets/sold-out.png
8a1d6a72d1841ed6d67d71886080775f	assets/sticky-add-to-cart.js
fe0132058280ca58bcfaa804ebfc73aa	assets/style.css
0f4512f8432a25bc67babd74a271eca8	assets/template-giftcard.css
a73d236fdaa9507452488a8e5c0f9a2e	assets/theme-editor.js
aa83aa933094957ea62862533a66d65c	assets/theme.js
7ae6465dae50c862dc55a547caa86a66	assets/TweenMax.min.js
8401bd990b3c70db1c920910d5c91149	assets/utilities.js
5d20c1b0055aeb44f176a532efeb3a3f	assets/variant-picker.js
f307b002b76a76fe544bae5eb479f07b	assets/video-background.js
1b40b4025aa45e393e8d1da2594eee19	assets/view-transitions.js
14eced0a9298d8ad7616eeab938fb988	assets/volume-pricing-info.js
d7a310b5d1380edc88020562eeb0422e	assets/volume-pricing.js
b5a8867b3e888dd548323ff5857d03ae	assets/zoom-dialog.js
5cf129008c5d52b7d41356cb55b3e6bb	blocks/accelerated-checkout.liquid
afbc2994159e396f5ef931b246a3e255	blocks/accordion.liquid
ee22d9553821beb3f9abcb53955eff2b	blocks/add-to-cart.liquid
d74894826a8ee046a1bbb9e5a361ff79	blocks/button.liquid
f2a5cbb3e4395e00fa215bedd8b6dc79	blocks/buy-buttons.liquid
d52c760ba4b7d0f8bae8167c8073629b	blocks/category-pills.liquid
fa4715b363b5b2fc3b6134f601a1d66e	blocks/collection-card.liquid
db63bb806b0ab7ec3ddb679b8b03162b	blocks/collection-title.liquid
9103eb26f428dba3e89ef11564f0e13b	blocks/comparison-slider.liquid
4f63b307494365e9c432b1bf6bb31cfc	blocks/contact-form-submit-button.liquid
e3e16707e1f1992964ee4c458692a5d1	blocks/contact-form.liquid
ff3549a1c3293462c357c788b1d9fb6a	blocks/custom-liquid.liquid
b00e43843280798fae024efa9c02b5d9	blocks/email-signup.liquid
5e90816d4ec11a592f0565fbe96ed5db	blocks/featured-collection.liquid
82f20f353fa0c14932ad967de9d18b30	blocks/filters.liquid
4b98f8847161b49e85d8fd1fb6af0492	blocks/follow-on-shop.liquid
9ee5752b7efde491b8d0ed511dbe80ec	blocks/footer-copyright.liquid
b6e43e5c6418c8d6958a5c11cffbc4d8	blocks/footer-policy-list.liquid
520f598290ca6e0c520ab074b7856f7c	blocks/group.liquid
4d2b33cba82cc4f8186179b945e730f0	blocks/icon.liquid
18042fc7d2babe9258db61bb8c8ec7ca	blocks/image.liquid
b881f4a539b8522fc0ac3043e5d9985b	blocks/jumbo-text.liquid
a79acddccfaaf84db050a8d274f3152a	blocks/logo.liquid
c205125e7d6d0b4f7af6e479ff535dac	blocks/menu.liquid
b1629d5e336fcfc29e8fded7cfa3c624	blocks/ona-product-tags.liquid
5fec5f7b1a3b108ad9aa66a0ba98fea0	blocks/page-content.liquid
1b4b594bfcb19993cfdbb372fc1c20f8	blocks/page.liquid
2db914a318b2053981bab436296c4073	blocks/payment-icons.liquid
e9ff4c0566f5651e8f3935dd2a8d858e	blocks/popup-link.liquid
82cebdc905cad233d5f41fa1b4de74c5	blocks/price.liquid
1dc61af88ef1cd0f63bad0b24b2e3a45	blocks/product-card.liquid
218f17dab62bfdb43ba5cc00803ff577	blocks/product-custom-property.liquid
7afd7876c5e174672e8b361da0dde89e	blocks/product-description.liquid
e377d68be31a35f6348c7d8d852a59c6	blocks/product-inventory.liquid
a2224d4c8e42e942227f29da70b35b8f	blocks/product-metafield-text.liquid
db1b36e47216da6e575401a9d3e492fb	blocks/product-recommendations.liquid
9ee3c7a5be06c816e1d65c76b1725073	blocks/product-title.liquid
d4ef3e4bbc86f883cef84e60d9dba09c	blocks/quantity.liquid
7f51e246da8264b6dcbfff8d0c973a4d	blocks/review.liquid
fda5c4b144edc056a18663dc7d50f807	blocks/sku.liquid
f96ba721f77a5d0976ad72d4afaf53dd	blocks/social-links.liquid
070cc735b154858e8493a377d44aa5ab	blocks/spacer.liquid
55f6be0eb65012d04b8ac2b96674c3f7	blocks/swatches.liquid
560f779914b25680c0ae71adeb0e66c1	blocks/text.liquid
aeba46c8dfd7a60d7961c760a3ae8e98	blocks/variant-picker.liquid
29991d7f60ef22cfd113c1357b02727a	blocks/video.liquid
fa1d6e58660156ca1660cb84e57c4543	blocks/_accordion-row.liquid
0c3b9d4376c949fbedbda94ae6d4c0c5	blocks/_announcement.liquid
078a74b608c5a569151773c52d904234	blocks/_blog-post-card.liquid
9d472798ecda36b72ae8f9c8c0fb104f	blocks/_blog-post-content.liquid
f11adb46dfbe58fe2517f751827b4645	blocks/_blog-post-description.liquid
4fb55014e1deda69552cc86c853a6f5f	blocks/_blog-post-featured-image.liquid
486a1f69ce6d30fc2a17d9d6142adba5	blocks/_blog-post-image.liquid
ad07bfe0a653a562dc2bb26d0e8e57ad	blocks/_blog-post-info-text.liquid
bb5bee92cf2a408b7a0806545f63f780	blocks/_card.liquid
02fc8af89ff849d609edbaa6c689038f	blocks/_carousel-content.liquid
193086827f07d17455ea0288d7e206e9	blocks/_cart-products.liquid
66b5e9725b95d2b001f4c97d33d5d970	blocks/_cart-summary.liquid
b2ba10f85d325cf1484ab280ba70c37e	blocks/_cart-title.liquid
28b9303e8e7ba08112b8f8597db2d99e	blocks/_collection-card-image.liquid
4407ebab6d0f0cbb161ddfd3331bc96c	blocks/_collection-card.liquid
c387423c09bd5a316d79db972e40b143	blocks/_collection-image.liquid
1fdb14c2a8baa9972b2eb58b97e8bb8c	blocks/_collection-info.liquid
52299082f7964a52b46ec29ee9dea61d	blocks/_collection-link.liquid
61c6d39aaf0f8762172cecad0d1ad36c	blocks/_content-without-appearance.liquid
b6e697731d6fa1a0caf868fc26a22a63	blocks/_content.liquid
248a50387880d1f8713548af2e1968f8	blocks/_divider.liquid
6a17ef3b7887ab4cb1214bf949287b35	blocks/_faq-category.liquid
053c87749fd79a2368865a9bc86a68d7	blocks/_faq-item.liquid
f8f5733d9c038a861474266f45f2a88b	blocks/_featured-blog-posts-card.liquid
cc41f290032e6e96c9115c79b2ebf333	blocks/_featured-blog-posts-image.liquid
29fd9bc9308464d5c6047e3d31f4bdac	blocks/_featured-blog-posts-title.liquid
52dcb8e7b30dbe0c63bd3ed16c78caba	blocks/_featured-product-gallery.liquid
9307c1ead4f2f0a34de08c7b6f4eff90	blocks/_featured-product-information-carousel.liquid
30861174f55f6ec4e9b9af872757aa33	blocks/_featured-product-price.liquid
1a7b8dcb9a2ec6e6ba77ca918592d53f	blocks/_featured-product.liquid
6783574d4a2754761aefe441de798636	blocks/_footer-social-icons.liquid
b23f02c261c8cb09436d26ecd306d510	blocks/_header-logo.liquid
6aa8d999aa9ab44c9a0ec9d04f479e83	blocks/_header-menu.liquid
51b024f66603b6b31d81ccd336d4e254	blocks/_heading.liquid
44c37aafd60c8bdf1eb7bd10f7998e31	blocks/_hotspot-product.liquid
7fcf25e23c348583f17dd2c3137ac31c	blocks/_image.liquid
401ddb21bf5e0c2a08d43f2a8b1718c5	blocks/_inline-collection-title.liquid
fd23fc02bf72884da644b8c31f550446	blocks/_inline-text.liquid
98c59d54c375895a0ab3b6fb0e1219bc	blocks/_layered-slide.liquid
725553d7a3ab4e5d2ad1fd0bb63968ae	blocks/_marquee.liquid
d38911df7ab2caf00a884614b735b7dd	blocks/_media-without-appearance.liquid
ac019e0f7c58616ba93a5dcc6843fc04	blocks/_product-card-gallery.liquid
b72b13077018d9e43eab64b42a50105c	blocks/_product-card-group.liquid
70adfea0bcc85185a964bc2a9ba32546	blocks/_product-card.liquid
59ddccafd085620168b79eeb95676773	blocks/_product-details.liquid
ec0e94a2c56039ce824456391cd6890d	blocks/_product-list-button.liquid
ec91876dc4e30dad38c3154ad7c5b19b	blocks/_product-list-content.liquid
13c3a5e0c7afcf9662cde871dc5d6092	blocks/_product-list-text.liquid
9be3a3f355f1bcc385d41590a7ed22bf	blocks/_product-media-gallery.liquid
dc82315c679ff453a3c38a47414eaf7d	blocks/_search-input.liquid
385ff7559b818c9b1700827b6d37bb15	blocks/_slide.liquid
919f217fa7e97b894341c0ae74696ae3	blocks/_social-link.liquid
dc554228f3ea46bfbbdfc3dc8bd32c9c	config/settings_data.json
e58ce6179c15ce5ba74fdf7580aa0e57	config/settings_schema.json
f914a40f3b9f264bf8e266207019c0e8	layout/password.liquid
f25535df7d7bb91e2f30beb551e74255	layout/theme.liquid
c08040ac56f3df54cab4a39d07c14fa3	locales/bg.json
a298c30671093f8bd1cf3e9bceadb8b7	locales/cs.json
e040c2b1acd90dfadf138b860f318458	locales/cs.schema.json
657216efcade03d0360d422952802bf7	locales/da.json
516c89ce798e12ee57a714eb611bc27c	locales/da.schema.json
a3b86eba3be63679e05d6b83a1aca36a	locales/de.json
b53bc1a3bd4dc1cf32c60b97227c6ae3	locales/de.schema.json
e208f2e7e55ea7287e231f434b46f55d	locales/el.json
a2465f89c93cd277e638f6fa2a6bb306	locales/en.default.json
f4e6d1e905428b18b795dc3804d2d0b8	locales/en.default.schema.json
061c199a2f1504fd517680a932b71b48	locales/es.json
49137433d3148c93b188fd01d38644d5	locales/es.schema.json
681c6d9dd2ae0867e515fb5ff5831df9	locales/fi.json
5d4acb74e2a64d5f2bbf1e0fef3f3ea6	locales/fi.schema.json
e0b9768eb2f77bb9432cd4941b19955f	locales/fr.json
8995de5ca9feab8e8d36db8536735b14	locales/fr.schema.json
ffdbfde17df5cb4ea48e782a11610394	locales/hr.json
2dbca6451e5b1425b946a718bd09ba0b	locales/hu.json
edbfe3bd4ef53fb1874a10c113eab592	locales/id.json
a1c77180a1b3b09314ba5410f3e9bd53	locales/it.json
4aee2b80f8c0a3555e1c50266c298bb0	locales/it.schema.json
ddc52ad6cf9e772e9abd737733745464	locales/ja.json
418578500e98d70e51f74a02095b9db6	locales/ja.schema.json
97273c7158101442a04ffe806013853a	locales/ko.json
242df36497abefc18aafa9b917d16c17	locales/ko.schema.json
c164efe5830ff701d597897abe56b9ec	locales/lt.json
2be332e9b92ece5a50aa57b67242d491	locales/nb.json
36d469baa0e9fefc884b8d70c584f2e0	locales/nb.schema.json
e9f934f39bb1d3c3cdff234629602964	locales/nl.json
810a7a0f3d9922baa941f2d8dc8f04ee	locales/nl.schema.json
ac33f529cf329a79595f0f6e34f735a7	locales/pl.json
1faf92ed84fe6553678d29192b5c4dda	locales/pl.schema.json
9052e32fb978c792cab08faef649e105	locales/pt-BR.json
2c4abe83bdce0479da6256562fb70e5f	locales/pt-BR.schema.json
c167d4b5b02999b1ae52f55de0d31ceb	locales/pt-PT.json
489e0a2c4b4b223f5cb675a5273f1f7e	locales/pt-PT.schema.json
0e807c2deb773774a13092d9bd91e864	locales/ro.json
38a860de0b504ecaa3daac2289017dfe	locales/ru.json
46a289500fd85cad444765e839569818	locales/sk.json
e6654b57529240cf2302f166aaf7956c	locales/sl.json
aa58cdaff6c20a8302c2ceae0f2a0fa5	locales/sv.json
b7f9f74e9d56790a8a2a31e021837b79	locales/sv.schema.json
15b237e562b6dc6e4a99ec69fad81087	locales/th.json
12fc75224a550416e017f29dc3a8357e	locales/th.schema.json
24f5ee83269cd657d0a0accbab770456	locales/tr.json
01dba4c7912068b09df10ce685f71e58	locales/tr.schema.json
0342ac430e842fe16ea115f9462bea7a	locales/vi.json
6b6bf408ae3dcbb130d7147f55365575	locales/zh-CN.json
9afdc19e83ce8374f507df31023b4a0b	locales/zh-CN.schema.json
9876ed610a489c7d4fd99efb6d5ad284	locales/zh-TW.json
362e339dc308cb7e6acdbb229e8eacc0	locales/zh-TW.schema.json
d43e77d786a9dcaa37aac0aaf29a9aa0	sections/accordion.liquid
ba56fd31fc36af4d5dcf9d9e2859f59e	sections/carousel.liquid
3aa038d0837a80ac685f753f1a9d2af4	sections/club-benefits.liquid
c865f2ee24740486184fd94354934425	sections/club-invite.liquid
d786e5fdb5d180d248e27d1e02475d54	sections/collection-carousel.liquid
aa037a69ec9e40bd56c9df58798183e8	sections/collection-links.liquid
33f529fee39a722f8f1849e456760ecc	sections/collection-list.liquid
7cdc881360a5496197b6b0267f08b43e	sections/custom-liquid.liquid
acefc415a92f3ed73121a1d162bb0784	sections/divider.liquid
4e9fc378ed4977977d6c1040ed8f2193	sections/featured-blog-posts.liquid
5715fa6d47be6a925313e2a8cd088946	sections/featured-product-information.liquid
e6a279eddd29d0cecf8c4e9e8d3b2836	sections/featured-product.liquid
f976082d4fcfdceda54b9556f82cc0a0	sections/footer-brand.liquid
064d903c4d66a22d401751aff2bdae9d	sections/footer-group.json
725b13b4deecd76827d3289ce9f8ab0c	sections/footer-utilities.liquid
a2e5a279ec7d7af335507aebaee9d3c4	sections/footer.liquid
75575392adaf4650ce4fbd1e8e02dbb3	sections/header-announcements.liquid
2c967e6d5be0c0d0f4c87d212dab6a39	sections/header-group.json
894cd9370c6b8c59e5ea8eb17a118071	sections/header.liquid
d49093e23fc119c7e09535e175f9cf7f	sections/hero.liquid
579f2569b389733777fba030f073a4ff	sections/layered-slideshow.liquid
db049c175b6735034c099badad530519	sections/logo.liquid
ec736fdf8eccec51f7eab88ce165d94e	sections/main-404.liquid
2e500257e033f5edb460601ae10e43f1	sections/main-blog-post.liquid
ad74d1907119b3c8ec7cdbee2c42074e	sections/main-blog.liquid
af207ebe2b0c2e08b52c2c7dcdc83151	sections/main-cart.liquid
078527ba4b7c23afff6e8b628debfaea	sections/main-collection-list.liquid
5ab66a65701d7a1a2e35d2a54905720e	sections/main-collection.liquid
71456bd1ead37dd67ffe57c0962b99fb	sections/main-page.liquid
32d734c004409147481f8d9ee1f99c20	sections/marquee.liquid
f3469d648cc19c0f3f3c863628ed112b	sections/media-with-content.liquid
3eb846466138d8daf8a93f1caeec4c20	sections/non-purchasable-product.liquid
0518c4862813bf8ab54804a9ec9ffee9	sections/ona-account-faq-list.liquid
e902d622343a2aafa61953c7d87da133	sections/ona-additional-store-finder.liquid
e618bd7fbe26238ac88aafa07c789092	sections/ona-announcement.liquid
cbc13c30e15a5ce4f5c926b2e48a33e9	sections/ona-article-news-template.liquid
e545a023f805c0fb0572c0485ac4b64f	sections/ona-article-template.liquid
1b01b194f56dd5206ddc7b9f63438703	sections/ona-awards.liquid
2623750a0f9a55eff0ead8f2ef7a9e2d	sections/ona-banner-slider.liquid
a08d8d5782ceff61d07616a1c0018230	sections/ona-blog-news-template.liquid
01e07bc3e574aba4bc0661af55d6cebe	sections/ona-blog-template.liquid
93bf31c1fe4ce74d31c0ec86243e8ca0	sections/ona-bookings-top.liquid
21f3e937e47abc4af3081fb15dd77c8f	sections/ona-bread-crumbs.liquid
c5ce69e8fe3b372105584e55728d81a4	sections/ona-brewguides-and-training.liquid
479b9bbffcec04a57f6a1960fb3818b9	sections/ona-cafe-testimonial.liquid
df128bbfcb36c36aed02ddd0cdd7ba11	sections/ona-careers.liquid
34df22a41bb76a18ec8687b64dc7025d	sections/ona-cart-template.liquid
085fe23d44d800b501295584567ae6f6	sections/ona-collection-faq-new.liquid
e90f85ff71d62bfcc306ffa3fd50935f	sections/ona-collection-template.liquid
6f8077279f953dda0bab2ffb1e50e7aa	sections/ona-collections-redirect.liquid
148cb407b7da932b83879cfa9f752d55	sections/ona-contact-careers.liquid
641240dc76cef3428330c658c84d2d82	sections/ona-contact-form.liquid
b3bf47682db524c39d33ef7e4854439b	sections/ona-contact-info.liquid
5d626b5368f802f9a7d2166107da6726	sections/ona-content.liquid
aaad749484fa5b3b729e7a300d76fa5d	sections/ona-divider.liquid
7febb773fcffaa1d4d91557fde7ca40e	sections/ona-donation-counter.liquid
f1821f3eb3d863b07ae13f15f50bbe72	sections/ona-exclusive-access.liquid
0fd2da63b74063d074d032c4b4b5f888	sections/ona-expericences-content.liquid
368fd83a03c33a2e9f01951f23143a55	sections/ona-expressions.liquid
4c62cbb2a846be3e0d073ae32db0e3b9	sections/ona-faq-layout.liquid
14c39d8bcfeea2ec50e9f04795defab6	sections/ona-faq-lists.liquid
b8eba3f97e8f7a34533576263d4ec041	sections/ona-faq-subscriptions.liquid
c1b951b992987bcb2d77dbf165706322	sections/ona-featured-collection.liquid
7d502a2b642be9a1ff23371037c6118a	sections/ona-featured-product.liquid
dd3b90bbd92fa18f479ced4d22a44289	sections/ona-flagship-intro.liquid
0d170ed80f37a1b8d531680bc6789a48	sections/ona-footer.liquid
c2996f2e0f1d50eb3f4c27e1c96fff61	sections/ona-gust-r.liquid
2cfe671ad7f4f13b7e2607c5125e224f	sections/ona-header.liquid
aae4fec5be09a57fe7197261aa29a739	sections/ona-icon-and-content.liquid
12830bd6ab2077b1866ba3fe4e9ba391	sections/ona-image-and-text.liquid
bf57ec76a618ce033f5caf3a3742af8d	sections/ona-inner-banner.liquid
bff048a86d65343530b1bf07e5a9e91d	sections/ona-locations-content.liquid
1cfb66012b604e1d3aa16046ce4e5fbf	sections/ona-locations-store-finder.liquid
edf749d797fe720e711a8aeb00debf09	sections/ona-logo-and-text.liquid
918dd2962b8e3303597c50e8a34c0c02	sections/ona-newsletter.liquid
ac0e7af5dd91f1fa29ed68dbd202e7ab	sections/ona-our-philosophy.liquid
8b6af12de7d9d76282bdeccc8db07d74	sections/ona-page-title.liquid
6edcb5b83655f9d280877a40ef7bcf34	sections/ona-privacy-layout.liquid
cbdb53b1864b01eff1f27ba8d9c77dbc	sections/ona-privacy-left-content.liquid
fb03cd20d34311fc4b2f23c6d134f0ca	sections/ona-product-accordion.liquid
1abd3d8167ac8dc0843e65145b9ba98c	sections/ona-product-brew-guide.liquid
91a79cd559b6b8cf5ccefe270b3f72f6	sections/ona-product-complementary.liquid
e9cdecb3de4ce3a27dfe83d3fbb6a9d7	sections/ona-product-faq-list.liquid
3ba82125cd79e6fa0b5664bfd599ed23	sections/ona-product-image-slider.liquid
40f524d5861f94b0ce237456eccc2dd6	sections/ona-product-information.liquid
f7477f2a2cb76b034081d512f1f12b5e	sections/ona-product-origin.liquid
b22df9714e00088478d085d3fd95e7f2	sections/ona-product-profile.liquid
e36a0d3658ffa22e3a06dcbd18af5b0a	sections/ona-product-recommendations.liquid
a119708bbeaeb6e0a6d41bd1f7baa667	sections/ona-product-sourcing.liquid
1ff59a1471d189eeb363fb7e850647f4	sections/ona-product-template.liquid
77da822d496e9cbc2ce3ff71eaed4361	sections/ona-read-more-content.liquid
bdeb69497a19774af780d3105b8c3636	sections/ona-search-results.liquid
b16a6d8eb3db9364f0087e909904e472	sections/ona-shipping-faq-list.liquid
999b69ff0099fd0d7d3ba5b6d5b3bf28	sections/ona-slideshow.liquid
fe3f2b0b8b6f27bd989b70759e85211d	sections/ona-sourcing.liquid
c5a0f8414329e8086636845cfe6f1de4	sections/ona-sr-heading.liquid
a79e55a88ac5496ec3127215dec932af	sections/ona-store-finder.liquid
b515579dd3ec86dcbd6253a4e27374d3	sections/ona-subscriptions-faq-list.liquid
5faee08cada37b7398c9d1893d8f417c	sections/ona-supported.liquid
ebe58c3b6738acd655f918131163cc27	sections/ona-sustainability-layout.liquid
6cbc36862d5f23b4a6d76891dcdd0504	sections/ona-sustainability-list.liquid
85ca4dc73ac0fd56edece35f9e8e2a99	sections/ona-sustatnability.liquid
9a5dcedc8478a950679060d117e7a93b	sections/ona-text-and-image.liquid
76a3c4a207ed907edd2f38e3d427db15	sections/ona-text-editor-box.liquid
6ac657a134f0c2ecde747491b3268231	sections/ona-training-banner.liquid
e1051aece475ee9813917f297cdf305a	sections/ona-training-form.liquid
b7c1968be0aeb427e772d0ec14ad18d3	sections/ona-training-iframe.liquid
6e28dd9f4720de33f4a21a6f45de8da0	sections/ona-training-image-text.liquid
02c76ce398a3518fa71a32ec965a0ccc	sections/ona-training-text-image-bg.liquid
8d2c82fc2df8a945cce16181f26d6d80	sections/ona-training-text-two-images.liquid
e074536dae3907e4695620c6bd8351c1	sections/ona-training.liquid
c8a809cc5de8ac317b8a7dfe90bc515e	sections/ona-traning-sourcing-v2.liquid
936eb300b93f8d0e48ed2fa4947e9b7a	sections/ona-traning-sourcing-v3.liquid
c8a809cc5de8ac317b8a7dfe90bc515e	sections/ona-traning-sourcing-v4.liquid
c8a809cc5de8ac317b8a7dfe90bc515e	sections/ona-traning-sourcing.liquid
e8afa14d87f96ec007d93960ec0553b2	sections/ona-traning-supported.liquid
8a94709e91265d805351660987ce58d0	sections/ona-two-images.liquid
5c986aeb6a38eea3747472be63d4b141	sections/ona-unique-coffees.liquid
306db124096c741da014fe045bb18f84	sections/ona-wholesale-brands.liquid
b68c32eef6063f1cbbe8ade7a0a25249	sections/ona-wholesale-partnership.liquid
936eb300b93f8d0e48ed2fa4947e9b7a	sections/ona-wholesale-sourcing-v2.liquid
c8a809cc5de8ac317b8a7dfe90bc515e	sections/ona-wholesale-sourcing-v3.liquid
c8a809cc5de8ac317b8a7dfe90bc515e	sections/ona-wholesale-sourcing-v4.liquid
c8a809cc5de8ac317b8a7dfe90bc515e	sections/ona-wholesale-sourcing-v5.liquid
936eb300b93f8d0e48ed2fa4947e9b7a	sections/ona-wholesale-sourcing-v6.liquid
7fef2abe080489fb337b2ab92ca7f00f	sections/ona-wholesale-testimonial.liquid
ecc1bfa9273b666550f34e9e6d0f7381	sections/password-footer.liquid
9e648156eac6bdc49794998e0b2b1591	sections/password.liquid
fb3b2c70237c87004b88fc68d1103155	sections/predictive-search-empty.liquid
08db37ad9fa75ff765a150b35dc473de	sections/predictive-search.liquid
9481499d7c597df0a9eed08932fa5507	sections/press-quotes.liquid
e1767d45ce384e4221d92355bc85c085	sections/product-box-template.liquid
3972c25009f260a426d2359caab1f73b	sections/product-hotspots.liquid
e174efda1443a36ba7f43dd7f5748ad6	sections/product-information.liquid
182f1520ce99f02d0b0a8297dc758aa4	sections/product-list.liquid
22d2fb3dc4a42df6ae54d9fc7ccb93cd	sections/product-recommendations.liquid
2e8dec2e0f66c5bcda72197fc7df3a84	sections/product-template-2.liquid
1d13f2166a6849fc8df1cb2e564e6732	sections/product-template-3.liquid
1735418a725ab4d7979f656572a1105c	sections/product-template-4.liquid
bb65570c8dfa939b2b851fe83b00f34b	sections/product-template-reserve-4bags.liquid
4fc1d369b699b6d1da2bc7cc957f39c0	sections/product-template.liquid
9499b7cf163ce5cf1303ee21642d5aa1	sections/quick-order-list.liquid
46ea7f6d607660c51ea5768ad53a16c2	sections/read-more-content.liquid
89fd7b9ff7eabd8f2908033c0fd2b05f	sections/search-header.liquid
b7b87601578c6bafbf963de25a82d2f8	sections/search-results.liquid
e7e85812495e9d00850b29702d7d024d	sections/section-rendering-product-card.liquid
4b85af40c0f9c7e1b615e49d40bc04f4	sections/section.liquid
4f1b23b494cf3f1a3e131a86160ec1b1	sections/slideshow.liquid
2fc05517116234cf6dc7bf537157dcfa	sections/_blocks.liquid
639180dfb3c15fdc20cdc5bd0eea4afe	snippets/accordion-custom-component.liquid
1d9e72c98bd6d6fe83bf7de37fdbf2fb	snippets/accordion.liquid
7c501044796b2515fbf0efd2b7ab9de8	snippets/add-to-cart-button.liquid
eb88d030ea03bf4da7780587be440705	snippets/background-media.liquid
6c2a27f10bdf5482c2f12f2be96fa926	snippets/bento-grid.liquid
85889bbc39b57621f32fad66317366fc	snippets/bgset.liquid
f817281d5f38d81c6eb2d0ddff560e3a	snippets/blog-comment-form.liquid
41ac2766bda09c539a4c70f635386c69	snippets/border-override.liquid
34114406a444a5dfa07153af68f65ba6	snippets/button.liquid
358a689fb3745d2cb94860aa89e47998	snippets/buy-buttons-styles.liquid
6b4a604b309605f34c654be78544e8da	snippets/card-gallery.liquid
4bcd0159467fce6ccdcc586b81595415	snippets/cart-bubble.liquid
f3275bb42e8aa1dd172895f37f83dd62	snippets/cart-items-component.liquid
1501fcb114d12946141f23af69d7a9f9	snippets/cart-products.liquid
d36ea08641fb3a0fb82762edc982b220	snippets/cart-summary.liquid
93494d41297de8aa9be1e3391e7b5ddd	snippets/checkbox.liquid
b002e4752fa51a0dfb9cff2c062c53ec	snippets/club-invite-typography-style.liquid
c872912869914f05ffb9188d86bb52f0	snippets/collection-card.liquid
ca39ec108530317c2a08b10daa3e0577	snippets/color-schemes.liquid
a1398cefdf5d2e519e8e778d6803bf84	snippets/divider.liquid
53b34706bb2e3ac75a12b18be783c14c	snippets/editorial-blog-grid.liquid
22d25f31eb46b35273f33b64e2ed6834	snippets/editorial-collection-grid.liquid
feeb74af6495e72f0468a17bd94f6f61	snippets/editorial-product-grid.liquid
ecbef65ba8b7c53617f6fa4516b89146	snippets/filter-remove-buttons.liquid
a97cffa1c4a3eeaf61145d3c67aac0c3	snippets/fonts.liquid
8240542d7c4656f2b53456522d5c21b8	snippets/format-price.liquid
183f35396f4b7fe54eceecc8270271bd	snippets/gap-style.liquid
8f998f336340141ed7ed8b298c3191e7	snippets/gift-card-recipient-form-styles.liquid
95ffd05cf885437f8825e6e74b88a0f3	snippets/gift-card-recipient-form.liquid
6cdf97fb45e53e4b7b4b509224252845	snippets/grid-density-controls.liquid
d9c93812a848f6714d4900e0fe945d74	snippets/group.liquid
12018830ec9eb48bc3173406e636c499	snippets/header-actions.liquid
c5f1e1b8a808116df2c6a050aba7dd94	snippets/header-drawer.liquid
585d2adb5f70a0eead98502639af1a31	snippets/header-row.liquid
7210f5994c9415eaf8e3520c10b2a310	snippets/icon-3d-badge-full-color.liquid
41359377b924c9df668d1d4086314187	snippets/icon-arrow-left.liquid
2bd51d77df1d794c327550e7d5090e28	snippets/icon-arrow-right.liquid
74f0a21f72a06a61320e31a79288e382	snippets/icon-chevron-down.liquid
75f88d8361f8f7b13e93a3e3bfe41955	snippets/icon-chevron-left.liquid
b0c9c7575b73df9a80daa016dbae074a	snippets/icon-chevron-right.liquid
b64c9e44c84f9760b141995def26da7a	snippets/icon-error.liquid
b812a996f71059b206718dae4edddbb8	snippets/icon-or-image.liquid
f46148de0e9ab3939bf51a23c97e2209	snippets/icon-pause.liquid
8f955fc1591ad33e39154d2836e82686	snippets/icon-play.liquid
a6bd8c930a2f3b4a93f539963eeb7ec2	snippets/icon-spinner.liquid
209fa2226ca643b844ac4765352d1188	snippets/icon-video-badge-full-color.liquid
bae5a7489642235f437f8072be3b7c56	snippets/icon.liquid
25a963d340505d3f7599764ec27b6197	snippets/image-style.liquid
e6e159595a30e79d5a6177a72a28f544	snippets/image.liquid
3ffc265b19a7ee280db07a505541bb67	snippets/jumbo-text.liquid
f848fa18ac93d053be9a93faa65f0562	snippets/layout-panel-style.liquid
d4fcae26294d36f21e1fe844b85e65c0	snippets/link-featured-image.liquid
768720207b487a588b5c01f96922177c	snippets/list-filter.liquid
35fb4e23013ff4b1fa74744ecd3988bd	snippets/localization-form.liquid
1f6a9b3a9db36a54b6f4b21f8478ba17	snippets/media.liquid
cae95b950ea74ef0a67ac31f481e1cb1	snippets/mega-menu-list.liquid
4b7cf5feb174bf9ac1324000c1ddb283	snippets/menu-font-styles.liquid
443b72b1cfdc70a3cb6579bc925aea2b	snippets/meta-robots-pagination.liquid
7d9a2db3f036c12e6f3b7a665c3df557	snippets/meta-tags.liquid
8b11816339e834dc4e0d9f0ead0b2e62	snippets/ona-filter-drawer-skin.liquid
ad44612e3e3659fffb3fa3f621aa3a34	snippets/ona-product-card-atc.liquid
ed089e0c3c6623ba555bd2a2c96af478	snippets/ona-product-card.liquid
46623f3ffa734fca1fe2c3233246ebac	snippets/ona-product-tags-pdp.liquid
8d14c430beb4867d2d8009313e322122	snippets/ona-product-tags.liquid
1756930d4d543fa3fd128a376c3131e3	snippets/ona-site-nav.liquid
70a30ffbabf73fb3f47eb9755e780651	snippets/ona-toolbar.liquid
c136517f488a102a20acda832c064513	snippets/overflow-list.liquid
72cac4e3a191df0ca4dfc011c097135d	snippets/overlay.liquid
002de9dde64011aa7b112e680b26bfdc	snippets/pagefly-main-js.liquid
892001fc1385965d8a922854be5f2c39	snippets/paginate-page-size.liquid
193662ee2ea5ba259f84a8471149079b	snippets/pagination-controls.liquid
9ab417fb70ae13c8cf777e65c3e7239c	snippets/pagination.liquid
9a77fdaefd072759b38621cc9403cee0	snippets/password-layout-styles.liquid
b09b2c0b2de7eafd0f5a8db85547f022	snippets/predictive-search-empty-state.liquid
d6a692e7fab4410e8c093b93aaa7a297	snippets/predictive-search-products-list.liquid
105188d4e812d38073ec4b61958a36ba	snippets/predictive-search-resource-carousel.liquid
4f3b7fb80caac9f89228903f387cb170	snippets/predictive-search-styles.liquid
17b9ea1ea44492febe69ac2a6f712ff8	snippets/preorder-now-collection-item.liquid
4983d5afdbea61b544a2404ca990720d	snippets/price-filter.liquid
498290dec5b08e6b5d1a32f41b3e6f9d	snippets/price.liquid
038122025860d3e6c88e4c35111206be	snippets/product-badges-styles.liquid
205fbe1f43e0b2a1cdf450b40c53973d	snippets/product-card-grid.liquid
eb336f48ec8f48ee950eb42c0442bb6b	snippets/product-card.liquid
b113818fa241afa16abb38d766b119d7	snippets/product-grid.liquid
ea408c1bef388c93356582ae68748f4b	snippets/product-information-content.liquid
f4663c95faf5d2015c1bb9008392fc57	snippets/product-media-gallery-content-styles.liquid
0f4cdc15f57172c6924072156c688ec5	snippets/product-media-gallery-content.liquid
a8a5c80539d618abaa60bd4ada44141a	snippets/product-media.liquid
1d3e7e5ff682f4dd730acca0d1af8c67	snippets/product-metafield-text-styles.liquid
6d94f064c41559f6f0797385b96347d0	snippets/product-price-listing.liquid
ed1652621d076a1cad684e28c74359ed	snippets/product-price.liquid
14020a57a61912667ff2ab010c9a229a	snippets/qikify-reward-bar.liquid
ee72c4eb95a104e44bbecb96dd757040	snippets/quantity-selector.liquid
74a1f5cf6e7280b43a4efbfd82116aa9	snippets/quick-add-modal-styles.liquid
0237534e3d9c7b3e7092d7f3c3e8c50f	snippets/quick-add-modal.liquid
c3017bdbb16d1b4b0beca456accace98	snippets/quick-add-styles.liquid
d764d5d72d66f273302e4e7e8436c0eb	snippets/quick-add.liquid
315ab8cfa43b3e101b473f2afc5bd888	snippets/resource-card.liquid
8f08bd0bdf0398c8b0ebe966597dc1dd	snippets/resource-image.liquid
bbd2e6a863e72fef15d86453efeb018e	snippets/resource-list-carousel.liquid
f5614192362b85f786839eb8e5ff0bc0	snippets/resource-list.liquid
bebdc8d48ba818a4500cceb5e02fedfa	snippets/scripts.liquid
342483f00190f868721245614378511d	snippets/search-modal.liquid
b46551a97ccd3d59867591fd9e51782f	snippets/search.liquid
f089073c036232acd4091962653ce812	snippets/section.liquid
c0fbd03d4efa1c4436ef53bf7e205d41	snippets/size-style.liquid
35ea469d93abcb2885803836b8f7814e	snippets/skip-to-content-link.liquid
f37550b1a33d72e7b6f332294767ee49	snippets/sku.liquid
ce92af5202b53a1cc2e8a09ba6d54e2e	snippets/slideshow-arrow.liquid
7ad3f957e4564d18ee9418db74d6780c	snippets/slideshow-arrows.liquid
6e4bd3416051b3402bc5814e6cfe21bd	snippets/slideshow-controls.liquid
6aa233e5c095b441f4f1cfa7778a37da	snippets/slideshow-slide.liquid
16eab982209815dda7d5b5d3a82016c2	snippets/slideshow-styles.liquid
c85fb0ceb4f7b9d5e59d9f26ff662365	snippets/slideshow.liquid
99c9ab85f3c3c08724d523c8ae803f48	snippets/social-sharing.liquid
faf7960573397efa0de7c2fa7a268cc5	snippets/sorting.liquid
4621281c7cb74fc4444cbf353764b9d2	snippets/spacing-padding.liquid
786f80211926b582b2761a7658089c9a	snippets/spacing-style.liquid
8b2c63c020bf0d1ceabcfbd69a321428	snippets/strikethrough-variant.liquid
9baf8014ed468991a922e0717692709b	snippets/structured-data.liquid
225482ed969debae3891c08113a254be	snippets/stylesheets.liquid
320ed04d198371368bc72b4f50455991	snippets/submenu-font-styles.liquid
666bd7d7577be8ab026a33da0f89c658	snippets/svg-without-styles.liquid
0a58fdd65cddb87d312c714c5204f8a8	snippets/swatch.liquid
35280b09225478d2c0e61856166fe863	snippets/tax-info.liquid
1f99f7c7f683140d7dc0b858de34eaaa	snippets/text-block-styles.liquid
c13efca83b1eaf56db9a65c462e6f9b3	snippets/text.liquid
41f2f32fb706a477465ee1a6f3a662e2	snippets/theme-editor.liquid
9d004f9fd4185e867b8d3d9cdeb6de83	snippets/theme-styles-variables.liquid
55f387531ebfefdb13a42aaac39a32b9	snippets/typography-style.liquid
1951402730c45b843b3c21f20682298a	snippets/unit-price.liquid
203693e6ff7bc1207bd9ded0b52d877d	snippets/util-autofill-img-size-attr.liquid
3f28cdbf257160e748c4a309df5e9f43	snippets/util-mega-menu-img-sizes-attr.liquid
1163abe791719bdb1a88f8d5aa46a380	snippets/util-product-grid-card-size.liquid
727e3fef09c35eccfbf1276a86ee128c	snippets/util-product-media-sizes-attr.liquid
8d54dde51abc611584adafd939a67e7b	snippets/variant-main-picker.liquid
489b19a3728347eba2d53a541d5bf085	snippets/variant-swatches.liquid
d4c7f9e404a09054b0eca6c70a72929d	snippets/video.liquid
c0bfb2e0aceb4c9ae15de8b316e9dbda	snippets/volume-pricing-info.liquid
f3418861b625086323d7c3a4daf4883d	templates/404.json
b04c2fb99a84b902bd93f1d444544a4e	templates/article.json
a3f7bd83fee9313e8b2657822c8fa278	templates/article.news.json
200c5fea8c49aa80f6808795c0f4f3b3	templates/blog.brewguides.json
9c3d029df93e143d21b4ba9ac3aa1ed4	templates/blog.json
3be317abf51423275fc9e97c5a85f6f4	templates/blog.news.json
6ba53c69175115d21d3e408ebc98d759	templates/cart.json
2f09b786974fe591eaf087d8b107db11	templates/collection.json
29a96de041cbef546cfd00ae1c8da12d	templates/gift_card.liquid
a51743b4c48f94dbe7b08ba4e1eeed2e	templates/index.json
69229db3554e6c196c1144e1b1f17f2a	templates/list-collections.json
3ba55e5a1ff24b5df2d4fa68fb096318	templates/page.about.json
c5e3fe741a429d7e04327fb7eda425b6	templates/page.bookings.json
7aab40c7862621f7bb6796cbd4b13b09	templates/page.contact.json
b84c7761949978aa6be999215f13cccf	templates/page.faq-subscriptions.json
19666a9215488f4873890dd75e730aee	templates/page.faq.json
93cd3bc90b48edced0586754dac2cd3c	templates/page.html-sitemap.json
38ad8b439d27e7017c3c208ded6e2cad	templates/page.json
7abfeb18ba8af47669f363966467afb2	templates/page.learn.json
a960c73a6b6f25758a1acf3fef1b5f4d	templates/page.location.json
7bfbdacd629ec6c5cf1415a15f8eb11a	templates/page.melbourne.json
333a8a3b887f56325e1ac7765273cc61	templates/page.porttest.json
05dbc9e37367255b7080127cefef9dc1	templates/page.privacy.json
a3402db15e384c1f57c9fb6c39e567cd	templates/page.private-courses-and-experiences.json
8b8537d7ca42b058959b3ab53729151c	templates/page.subscriptions.json
65f8a8f0021eb2b83b37188d33f7bbfb	templates/page.sustainability.json
78ea1ddb39d7a1bdb15e35e40dd2796f	templates/page.text-template.json
3b999d33f1efe3902ef927a96b53b0a9	templates/page.training.json
45e6dc5925b8de5d32dfd9fb980ca6f3	templates/page.wholesale.json
9104a9488fe2fb6118c26a8007c5d2b1	templates/password.json
53f93726ede68ff8184668125a518cff	templates/product.box.liquid
c59c134d5761eea09ed79b83f3b58818	templates/product.custom-template.liquid
28e23ddcca56f7a1440af79f5ce0c812	templates/product.custom2.liquid
e1657e1985d0f71a6f84d473544cb4e3	templates/product.default.json
3a78daf74e8e733cfb2a31ebae28f3c3	templates/product.filtersub.json
8dd6e00fd10b63113ca1477a36480598	templates/product.json
edc0888608936e2c7f05d3061276482e	templates/product.non-purchasable.liquid
f1268bee3565d4e098f4cd9ebe1fd5fb	templates/product.product-2.liquid
2b5f34e4359209893d4f6c757aaeb237	templates/product.product-3.liquid
28e23ddcca56f7a1440af79f5ce0c812	templates/product.raspberrycandydripsbags.liquid
f5ff6c7b09fc88fa098009c465757efe	templates/product.Reserve box-4bags.liquid
394ff281d5f8373319fcfd2052bf1728	templates/product.Reserve Box.liquid
733b5da7740e37adb4ebd508f6b31bdb	templates/product.staple-tee.liquid
17c9111213c4ef4a97f4d7e1e97e7bea	templates/search.json
